<com.tbf.Person>
  <personCode>944c</personCode>
  <brokerStatus></brokerStatus>
  <name>
    <firstName> Starlin</firstName>
    <lastName>Castro</lastName>
  </name>
  <address>
    <street>1060 West Addison Street</street>
    <city>Chicago</city>
    <state>IL</state>
    <zip>60613</zip>
    <country>USA</country>
  </address>
  <emailAddress>
    <string>scastro@cubs.com,starlin_castro13@gmail.com</string>
  </emailAddress>
</com.tbf.Person><com.tbf.Person>
  <personCode>306a</personCode>
  <brokerStatus></brokerStatus>
  <name>
    <firstName> Brock</firstName>
    <lastName>Sampson</lastName>
  </name>
  <address>
    <street>123 N 1st Street</street>
    <city>Omaha</city>
    <state>NE</state>
    <zip>68116</zip>
    <country>USA</country>
  </address>
  <emailAddress>
    <string>brock_f_sampson@gmail.com,bsampson@venture.com</string>
  </emailAddress>
</com.tbf.Person><com.tbf.Person>
  <personCode>2342</personCode>
  <brokerStatus></brokerStatus>
  <name>
    <firstName> Miles</firstName>
    <lastName>O&apos;Brien</lastName>
  </name>
  <address>
    <street>123 Friendly Street</street>
    <city>Ottawa</city>
    <state>ON</state>
    <zip>K1A 0G9</zip>
    <country>Canada</country>
  </address>
</com.tbf.Person><com.tbf.Person>
  <personCode>aef1</personCode>
  <brokerStatus>E,sec001</brokerStatus>
  <name>
    <firstName> Gordon</firstName>
    <lastName>Gekko</lastName>
  </name>
  <address>
    <street>1 Wall Street</street>
    <city>New York</city>
    <state>NY</state>
    <zip>10005-0012</zip>
    <country>USA</country>
  </address>
</com.tbf.Person><com.tbf.Person>
  <personCode>321f</personCode>
  <brokerStatus>J,sec991</brokerStatus>
  <name>
    <firstName> Bud</firstName>
    <lastName>Fox</lastName>
  </name>
  <address>
    <street>321 Bronx Street</street>
    <city>New York</city>
    <state>NY</state>
    <zip>10004</zip>
    <country>USA</country>
  </address>
  <emailAddress>
    <string>bfox@gmail.com,csheen@crazy.net</string>
  </emailAddress>
</com.tbf.Person><com.tbf.Person>
  <personCode>ma12</personCode>
  <brokerStatus></brokerStatus>
  <name>
    <firstName> Dale</firstName>
    <lastName>Sveum</lastName>
  </name>
  <address>
    <street>1060 West Addison Street</street>
    <city>Chicago</city>
    <state>IL</state>
    <zip>60613</zip>
    <country>USA</country>
  </address>
  <emailAddress>
    <string>sveum@cubs.com</string>
  </emailAddress>
</com.tbf.Person><com.tbf.Person>
  <personCode>321nd</personCode>
  <brokerStatus></brokerStatus>
  <name>
    <firstName> William</firstName>
    <lastName>Hartnell</lastName>
  </name>
  <address>
    <street>1060 West Addison Street</street>
    <city>Chicago</city>
    <state>IL</state>
    <zip>60613</zip>
    <country>USA</country>
  </address>
  <emailAddress>
    <string>whartnell@doctors.com,dr@who.com</string>
  </emailAddress>
</com.tbf.Person><com.tbf.Person>
  <personCode>nf32a</personCode>
  <brokerStatus></brokerStatus>
  <name>
    <firstName> Patrick</firstName>
    <lastName>Troughton</lastName>
  </name>
  <address>
    <street>1060 West Addison Street</street>
    <city>Chicago</city>
    <state>IL</state>
    <zip>60613</zip>
    <country>USA</country>
  </address>
  <emailAddress>
    <string>ptroug@cse.unl.edu,ptrou32@unl.edu</string>
  </emailAddress>
</com.tbf.Person><com.tbf.Person>
  <personCode>321na</personCode>
  <brokerStatus>E,sec125</brokerStatus>
  <name>
    <firstName> Jon</firstName>
    <lastName>Pertwee</lastName>
  </name>
  <address>
    <street>301 Front St W</street>
    <city> Toronto</city>
    <state> ON</state>
    <zip> M5V 2T6</zip>
    <country> Canada</country>
  </address>
  <emailAddress>
    <string>jpet@whofan.com</string>
  </emailAddress>
</com.tbf.Person><com.tbf.Person>
  <personCode>231</personCode>
  <brokerStatus>E,sec221</brokerStatus>
  <name>
    <firstName>Tom</firstName>
    <lastName>Baker</lastName>
  </name>
  <address>
    <street>1 Blue Jays Way</street>
    <city> Toronto</city>
    <state> ON</state>
    <zip> M5V 1J1</zip>
    <country> Canada</country>
  </address>
  <emailAddress>
    <string>famousdoc@who.com,tbaker@cse.unl.edu,mostfamous@whovian.com,thedoctor@bbc.com</string>
  </emailAddress>
</com.tbf.Person><com.tbf.Person>
  <personCode>doc05</personCode>
  <brokerStatus></brokerStatus>
  <name>
    <firstName> Peter</firstName>
    <lastName>Davison</lastName>
  </name>
  <address>
    <street>23450 Cabo San Lucas</street>
    <city> Los Cabos</city>
    <state> BCS</state>
    <zip></zip>
    <country> Mexico</country>
  </address>
</com.tbf.Person><com.tbf.Person>
  <personCode>6doc</personCode>
  <brokerStatus>J,sec982</brokerStatus>
  <name>
    <firstName> Richard</firstName>
    <lastName>Hurndall</lastName>
  </name>
  <address>
    <street>Campos El290</street>
    <city>Mexico City</city>
    <state> FD</state>
    <zip></zip>
    <country> Mexico</country>
  </address>
  <emailAddress>
    <string>rhurndall@cse.unl.edu,richard@unl.edu</string>
  </emailAddress>
</com.tbf.Person><com.tbf.Person>
  <personCode>321dr</personCode>
  <brokerStatus>J,sec543</brokerStatus>
  <name>
    <firstName> C.</firstName>
    <lastName>Baker</lastName>
  </name>
  <address>
    <street>Avery Hall</street>
    <city>Lincoln</city>
    <state>NE</state>
    <zip>68503</zip>
    <country>USA</country>
  </address>
  <emailAddress>
    <string>dr@baker.com</string>
  </emailAddress>
</com.tbf.Person><com.tbf.Person>
  <personCode>1svndr</personCode>
  <brokerStatus></brokerStatus>
  <name>
    <firstName>Sylvester</firstName>
    <lastName>McCoy</lastName>
  </name>
  <address>
    <street>126-01 Roosevelt Ave</street>
    <city> Flushing</city>
    <state> NY</state>
    <zip>11368</zip>
    <country>USA</country>
  </address>
  <emailAddress>
    <string>slyguy@hotmail.com,mccoy@whofan.com</string>
  </emailAddress>
</com.tbf.Person><com.tbf.Person>
  <personCode>123lst</personCode>
  <brokerStatus>E,sec31x</brokerStatus>
  <name>
    <firstName> Paul</firstName>
    <lastName>McGann</lastName>
  </name>
  <address>
    <street>1 MetLife Stadium Dr</street>
    <city> East Rutherford</city>
    <state> NJ</state>
    <zip>07073</zip>
    <country>USA</country>
  </address>
  <emailAddress>
    <string>pmcgann@mlb.com,foo@bar.com,pmc@unl.edu</string>
  </emailAddress>
</com.tbf.Person><com.tbf.Person>
  <personCode>nwdoc1</personCode>
  <brokerStatus>J,sec953</brokerStatus>
  <name>
    <firstName> Chris</firstName>
    <lastName>Eccleston</lastName>
  </name>
  <address>
    <street>1 E 161st St</street>
    <city> Bronx</city>
    <state> NY</state>
    <zip>10451</zip>
    <country>USA</country>
  </address>
  <emailAddress>
    <string>newguy@whovian.com</string>
  </emailAddress>
</com.tbf.Person><com.tbf.Person>
  <personCode>2ndbestd</personCode>
  <brokerStatus></brokerStatus>
  <name>
    <firstName> David</firstName>
    <lastName>Tennant</lastName>
  </name>
  <address>
    <street>700 E Grand Ave</street>
    <city> Chicago</city>
    <state> IL</state>
    <zip> 60611</zip>
    <country>USA</country>
  </address>
  <emailAddress>
    <string>actor@shakespeare.com,tdavid@unl.edu</string>
  </emailAddress>
</com.tbf.Person><com.tbf.Person>
  <personCode>wrddoc</personCode>
  <brokerStatus></brokerStatus>
  <name>
    <firstName> Matt</firstName>
    <lastName>Smith</lastName>
  </name>
  <address>
    <street>333 W 35th St</street>
    <city> Chicago</city>
    <state> IL</state>
    <zip>60616</zip>
    <country>USA</country>
  </address>
  <emailAddress>
    <string>msmith@who.com,thedoc@cse.unl.edu</string>
  </emailAddress>
</com.tbf.Person><com.tbf.Person>
  <personCode>bbchar</personCode>
  <brokerStatus></brokerStatus>
  <name>
    <firstName> Kaylee</firstName>
    <lastName>Ehrmantraut</lastName>
  </name>
  <address>
    <street>800 West 7th Street</street>
    <city> Albuquerque</city>
    <state> NM</state>
    <zip> 87105</zip>
    <country>USA</country>
  </address>
</com.tbf.Person><com.tbf.Person>
  <personCode>0102</personCode>
  <brokerStatus></brokerStatus>
  <name>
    <firstName> Fidel</firstName>
    <lastName>Castro</lastName>
  </name>
  <address>
    <street>123 Madison Avenue</street>
    <city> Bodega</city>
    <state> NL</state>
    <zip></zip>
    <country>CUBA</country>
  </address>
  <emailAddress>
    <string>fcastro@socialist.gov</string>
  </emailAddress>
</com.tbf.Person><com.tbf.Person>
  <personCode>2PAC</personCode>
  <brokerStatus></brokerStatus>
  <name>
    <firstName> Trey</firstName>
    <lastName>Shakura</lastName>
  </name>
  <address>
    <street>123 N 1st Street</street>
    <city>Compton</city>
    <state>CA</state>
    <zip>90210</zip>
    <country>USA</country>
  </address>
</com.tbf.Person><com.tbf.Person>
  <personCode>8008</personCode>
  <brokerStatus></brokerStatus>
  <name>
    <firstName> Conan</firstName>
    <lastName>O&apos;Brien</lastName>
  </name>
  <address>
    <street>123 Madison Ave</street>
    <city>New York</city>
    <state>NY</state>
    <zip>10005</zip>
    <country>USA</country>
  </address>
</com.tbf.Person><com.tbf.Person>
  <personCode>LEAF</personCode>
  <brokerStatus></brokerStatus>
  <name>
    <firstName> Walter</firstName>
    <lastName>White</lastName>
  </name>
  <address>
    <street>100 W Fake Street</street>
    <city>Albaquerque</city>
    <state>NM</state>
    <zip>80706</zip>
    <country>USA</country>
  </address>
  <emailAddress>
    <string>heisenburg@savewalter.com</string>
  </emailAddress>
</com.tbf.Person><com.tbf.Person>
  <personCode>ANY1</personCode>
  <brokerStatus></brokerStatus>
  <name>
    <firstName> Ice</firstName>
    <lastName>Cube</lastName>
  </name>
  <address>
    <street>124 Easy Street</street>
    <city>Detroit</city>
    <state>MI</state>
    <zip>48202</zip>
    <country>USA</country>
  </address>
  <emailAddress>
    <string>ezpleazin@iamnotvanillaicethanks.net,neverforgetthatiamnotvanillaice@jokesonyou.edu</string>
  </emailAddress>
</com.tbf.Person><com.tbf.Person>
  <personCode>NUID</personCode>
  <brokerStatus></brokerStatus>
  <name>
    <firstName> Tommy</firstName>
    <lastName>Frazier</lastName>
  </name>
  <address>
    <street>6700 Vine St</street>
    <city>Lincoln</city>
    <state>NE</state>
    <zip>68505</zip>
    <country>USA</country>
  </address>
  <emailAddress>
    <string>tommy.frazier@unl.edu,tpayne@history.gov</string>
  </emailAddress>
</com.tbf.Person><com.tbf.Person>
  <personCode>NTAC</personCode>
  <brokerStatus>E,sec867</brokerStatus>
  <name>
    <firstName>Tommy</firstName>
    <lastName>Tutone</lastName>
  </name>
  <address>
    <street>1017 BlueJay Way</street>
    <city> London</city>
    <state> DA</state>
    <zip> 070708</zip>
    <country> England</country>
  </address>
  <emailAddress>
    <string>damnu@tommytutone.edu,gummybears@myspace.com</string>
  </emailAddress>
</com.tbf.Person><com.tbf.Person>
  <personCode>L337</personCode>
  <brokerStatus>E,sec007</brokerStatus>
  <name>
    <firstName> Jeff</firstName>
    <lastName>Gordon</lastName>
  </name>
  <address>
    <street>123 Talledega Road</street>
    <city>Tallahasse</city>
    <state>TN</state>
    <zip>34345</zip>
    <country>USA</country>
  </address>
</com.tbf.Person><com.tbf.Person>
  <personCode>M1LF</personCode>
  <brokerStatus>J,sec666</brokerStatus>
  <name>
    <firstName> Barry</firstName>
    <lastName>White</lastName>
  </name>
  <address>
    <street>321 Bronx Street</street>
    <city>New York</city>
    <state>NY</state>
    <zip>10004</zip>
    <country>USA</country>
  </address>
  <emailAddress>
    <string>takeoffthatbraziermydear@thisisbarry.edu</string>
  </emailAddress>
</com.tbf.Person><com.tbf.Person>
  <personCode>URAD</personCode>
  <brokerStatus>J,sec530</brokerStatus>
  <name>
    <firstName> Fox</firstName>
    <lastName>Mulder</lastName>
  </name>
  <address>
    <street>935 Pennsylvania Ave NW</street>
    <city> Washington DC</city>
    <state> DC</state>
    <zip> 20535</zip>
    <country> USA</country>
  </address>
  <emailAddress>
    <string>spooky@fbi.gov,iwnt2bleve@yahoo.com</string>
  </emailAddress>
</com.tbf.Person><com.tbf.Person>
  <personCode>2kj3o</personCode>
  <brokerStatus></brokerStatus>
  <name>
    <firstName> Douglas</firstName>
    <lastName>Falcon</lastName>
  </name>
  <address>
    <street>500 Areo Drive</street>
    <city>Port Town</city>
    <state>CA</state>
    <zip>90010</zip>
    <country>USA</country>
  </address>
  <emailAddress>
    <string>cfalcon@fzero.com</string>
  </emailAddress>
</com.tbf.Person><com.tbf.Person>
  <personCode>0fi323</personCode>
  <brokerStatus>E,sec385</brokerStatus>
  <name>
    <firstName> Light</firstName>
    <lastName>Yagami</lastName>
  </name>
  <address>
    <street>123 Tsune kuni</street>
    <city>Hamamatsu City</city>
    <state>Toyama Prefecture</state>
    <zip></zip>
    <country>Japan</country>
  </address>
</com.tbf.Person><com.tbf.Person>
  <personCode>kd93n</personCode>
  <brokerStatus>J,sec928</brokerStatus>
  <name>
    <firstName> Joe</firstName>
    <lastName>Johnson</lastName>
  </name>
  <address>
    <street>35 Main Street</street>
    <city>Springfield</city>
    <state>IL</state>
    <zip>62702</zip>
    <country>USA</country>
  </address>
  <emailAddress>
    <string>jjohnson@somewhere.com,averagejoe@someplace.com</string>
  </emailAddress>
</com.tbf.Person><com.tbf.Person>
  <personCode>2h54gw</personCode>
  <brokerStatus>J,sec111</brokerStatus>
  <name>
    <firstName> Barak</firstName>
    <lastName>Obama</lastName>
  </name>
  <address>
    <street>23432 Madison Ave</street>
    <city> New York</city>
    <state> NY</state>
    <zip> 23432</zip>
    <country> USA</country>
  </address>
  <emailAddress>
    <string>barak@obama.com</string>
  </emailAddress>
</com.tbf.Person><com.tbf.Person>
  <personCode>2h45</personCode>
  <brokerStatus></brokerStatus>
  <name>
    <firstName> George</firstName>
    <lastName>Bush</lastName>
  </name>
  <address>
    <street>111 1st St</street>
    <city> Toronto</city>
    <state> NE</state>
    <zip> 23125</zip>
    <country> USA</country>
  </address>
  <emailAddress>
    <string>george@bush.com</string>
  </emailAddress>
</com.tbf.Person><com.tbf.Person>
  <personCode>h6455ey</personCode>
  <brokerStatus>E,sec232</brokerStatus>
  <name>
    <firstName> Bill</firstName>
    <lastName>Clinton</lastName>
  </name>
  <address>
    <street>6453 3nd</street>
    <city> High St</city>
    <state> Lincoln</state>
    <zip> NE</zip>
    <country> 12122</country>
  </address>
</com.tbf.Person><com.tbf.Person>
  <personCode>ej556</personCode>
  <brokerStatus></brokerStatus>
  <name>
    <firstName> George Sr.</firstName>
    <lastName>Bush</lastName>
  </name>
  <address>
    <street>999 1st St</street>
    <city> Chicago</city>
    <state>IL</state>
    <zip> 23452</zip>
    <country> USA</country>
  </address>
  <emailAddress>
    <string>     george@bush.com, bush@whitehouse.com, bush@taxas.gov</string>
  </emailAddress>
</com.tbf.Person><com.tbf.Person>
  <personCode>ej6h65e</personCode>
  <brokerStatus></brokerStatus>
  <name>
    <firstName> Ronald</firstName>
    <lastName>Regant</lastName>
  </name>
  <address>
    <street>1 Maple Leave St</street>
    <city> Ottowa</city>
    <state> Ontario </state>
    <zip>M5V 1G3</zip>
    <country> Canada</country>
  </address>
</com.tbf.Person><com.tbf.Person>
  <personCode>23fs</personCode>
  <brokerStatus>J,sec532</brokerStatus>
  <name>
    <firstName> Carter</firstName>
    <lastName>Jimmy</lastName>
  </name>
  <address>
    <street>123 Math Drive</street>
    <city> Omaha</city>
    <state> NE</state>
    <zip>11111</zip>
    <country>USA</country>
  </address>
  <emailAddress>
    <string>jimmy@carter.com</string>
  </emailAddress>
</com.tbf.Person><com.tbf.Person>
  <personCode>23fre</personCode>
  <brokerStatus></brokerStatus>
  <name>
    <firstName> Smith</firstName>
    <lastName>Bob</lastName>
  </name>
  <address>
    <street>123 Bob Drive</street>
    <city> Seattle</city>
    <state> NE</state>
    <zip> 23432</zip>
    <country> USA</country>
  </address>
  <emailAddress>
    <string>bobsmith2343@gmail.com</string>
  </emailAddress>
</com.tbf.Person><com.tbf.Person>
  <personCode>1234a</personCode>
  <brokerStatus></brokerStatus>
  <name>
    <firstName> John</firstName>
    <lastName>Alden</lastName>
  </name>
  <address>
    <street>1243 West O Street</street>
    <city>Lincoln</city>
    <state>NE</state>
    <zip>68415</zip>
    <country>USA</country>
  </address>
  <emailAddress>
    <string>aj@gmail.com</string>
  </emailAddress>
</com.tbf.Person><com.tbf.Person>
  <personCode>34tas8</personCode>
  <brokerStatus></brokerStatus>
  <name>
    <firstName> Roam</firstName>
    <lastName>Jenny</lastName>
  </name>
  <address>
    <street>521 Adam Street</street>
    <city>Omaha</city>
    <state>NE</state>
    <zip>68471</zip>
    <country>USA</country>
  </address>
  <emailAddress>
    <string>jr1834@hotmail.com</string>
  </emailAddress>
</com.tbf.Person><com.tbf.Person>
  <personCode>mar59</personCode>
  <brokerStatus></brokerStatus>
  <name>
    <firstName> Chrik</firstName>
    <lastName>Waston</lastName>
  </name>
  <address>
    <street>321 Lemon Street</street>
    <city>New York</city>
    <state>NY</state>
    <zip>10012</zip>
    <country>USA</country>
  </address>
  <emailAddress>
    <string>wc345@gmail.com,wc345@who.com</string>
  </emailAddress>
</com.tbf.Person><com.tbf.Person>
  <personCode>sus12</personCode>
  <brokerStatus></brokerStatus>
  <name>
    <firstName>Lee</firstName>
    <lastName>Adam</lastName>
  </name>
  <address>
    <street>511 Avery Hall</street>
    <city>Denver</city>
    <state>CO</state>
    <zip>14520</zip>
    <country>USA</country>
  </address>
</com.tbf.Person><com.tbf.Person>
  <personCode>dot105</personCode>
  <brokerStatus></brokerStatus>
  <name>
    <firstName> Peter</firstName>
    <lastName>Davison</lastName>
  </name>
  <address>
    <street>123 Cabo San Lucas</street>
    <city> Los</city>
    <state> BS</state>
    <zip> </zip>
    <country> Mexico</country>
  </address>
</com.tbf.Person><com.tbf.Person>
  <personCode>usp12</personCode>
  <brokerStatus></brokerStatus>
  <name>
    <firstName>Sim</firstName>
    <lastName>John</lastName>
  </name>
  <address>
    <street>142 Drive</street>
    <city> Shanghai</city>
    <state></state>
    <zip>200012</zip>
    <country>China</country>
  </address>
  <emailAddress>
    <string>123@gwoo.com</string>
  </emailAddress>
</com.tbf.Person><com.tbf.Person>
  <personCode>weo123</personCode>
  <brokerStatus></brokerStatus>
  <name>
    <firstName>Wang</firstName>
    <lastName>Wei</lastName>
  </name>
  <address>
    <street>478 A street</street>
    <city>Boston</city>
    <state>MA</state>
    <zip>47891</zip>
    <country>USA</country>
  </address>
  <emailAddress>
    <string>wweiz2@gmail.com</string>
  </emailAddress>
</com.tbf.Person><com.tbf.Person>
  <personCode>qwer4</personCode>
  <brokerStatus></brokerStatus>
  <name>
    <firstName>Cherry</firstName>
    <lastName>Brittany</lastName>
  </name>
  <address>
    <street>1478 Maple Dr.</street>
    <city>Ogalalla</city>
    <state>NE</state>
    <zip>68501</zip>
    <country>USA</country>
  </address>
</com.tbf.Person><com.tbf.Person>
  <personCode>wetet23</personCode>
  <brokerStatus></brokerStatus>
  <name>
    <firstName>John</firstName>
    <lastName>Frank</lastName>
  </name>
  <address>
    <street>124 Hello world Dr.</street>
    <city>Mccook</city>
    <state>NE</state>
    <zip>57814</zip>
    <country>USA</country>
  </address>
  <emailAddress>
    <string>fj2@zoo.com</string>
  </emailAddress>
</com.tbf.Person><com.tbf.Person>
  <personCode>wsy62</personCode>
  <brokerStatus>J,sec123</brokerStatus>
  <name>
    <firstName> Adison</firstName>
    <lastName>Tom</lastName>
  </name>
  <address>
    <street>7814 Jordan Street</street>
    <city>Denver</city>
    <state>CO</state>
    <zip>65203</zip>
    <country>USA</country>
  </address>
  <emailAddress>
    <string>tadison@unl.edu</string>
  </emailAddress>
</com.tbf.Person><com.tbf.Person>
  <personCode>twuox2</personCode>
  <brokerStatus>J,sec290</brokerStatus>
  <name>
    <firstName> Smiths</firstName>
    <lastName>Peter</lastName>
  </name>
  <address>
    <street>1596 Apple Street</street>
    <city>Flushing</city>
    <state>NY</state>
    <zip>10451</zip>
    <country>USA</country>
  </address>
  <emailAddress>
    <string>ps1991@huskers.unl.edu,ps1991@gmail.com</string>
  </emailAddress>
</com.tbf.Person><com.tbf.Person>
  <personCode>xc908iy</personCode>
  <brokerStatus>J,sec324</brokerStatus>
  <name>
    <firstName> Frank</firstName>
    <lastName>Gorge</lastName>
  </name>
  <address>
    <street>478 South 87th Street</street>
    <city>Grand Island</city>
    <state>NE</state>
    <zip>64789</zip>
    <country>USA</country>
  </address>
  <emailAddress>
    <string>gfrank001@huskers.unl.edu</string>
  </emailAddress>
</com.tbf.Person><com.tbf.Person>
  <personCode>r3wo12s</personCode>
  <brokerStatus>E,sec781</brokerStatus>
  <name>
    <firstName> Mike</firstName>
    <lastName>Ellen</lastName>
  </name>
  <address>
    <street>489 Grand Street</street>
    <city>Boston</city>
    <state>MA</state>
    <zip>14258</zip>
    <country>USA</country>
  </address>
  <emailAddress>
    <string>emike@hotmail.com,emike2@yahoo.com</string>
  </emailAddress>
</com.tbf.Person><com.tbf.Person>
  <personCode>vtw9io</personCode>
  <brokerStatus>E,sec963</brokerStatus>
  <name>
    <firstName> Paul</firstName>
    <lastName>Tony</lastName>
  </name>
  <address>
    <street>2314 North 18th Street</street>
    <city>Kansas City</city>
    <state>KS</state>
    <zip>54723</zip>
    <country>USA</country>
  </address>
  <emailAddress>
    <string>tpaul@who.com</string>
  </emailAddress>
</com.tbf.Person><com.tbf.Person>
  <personCode>pautw87st</personCode>
  <brokerStatus>E,sec856</brokerStatus>
  <name>
    <firstName> Hunter</firstName>
    <lastName>David</lastName>
  </name>
  <address>
    <street>4789 Lake Street</street>
    <city>Chicago</city>
    <state>IL</state>
    <zip>60123</zip>
    <country>USA</country>
  </address>
  <emailAddress>
    <string>davidhunter@yahoo.com,dv123@who.com</string>
  </emailAddress>
</com.tbf.Person>